name,slug,price,quantity,description,category_id,image
"Samsung Galaxy S23 Ultra","samsung-galaxy-s23-ultra",159999,25,"Flagship smartphone with 200MP camera, 6.8 inch Dynamic AMOLED display, Snapdragon 8 Gen 2 processor",9,
"Apple iPhone 15 Pro","apple-iphone-15-pro",179999,30,"Latest iPhone with A17 Pro chip, titanium design, 48MP camera system",9,
"OnePlus 11R 5G","oneplus-11r-5g",39999,50,"MediaTek Dimensity 8100 processor, 50MP Sony IMX890 camera, 100W fast charging",9,
"Redmi Note 13 Pro","redmi-note-13-pro",32999,60,"200MP camera, AMOLED display, 67W turbo charging",9,
"Samsung Galaxy A54","samsung-galaxy-a54",47999,45,"5G smartphone with OIS camera, 120Hz display",9,
"Realme 11 Pro Plus","realme-11-pro-plus",34999,40,"200MP camera, curved AMOLED display, Dimensity 7050",9,
"Apple AirPods Pro 2","apple-airpods-pro-2",29999,35,"Active noise cancellation, spatial audio, USB-C charging",9,
"Samsung Galaxy Buds 2 Pro","samsung-galaxy-buds-2-pro",18999,40,"Premium TWS earbuds with ANC, 360 audio",9,
"boAt Airdopes 141","boat-airdopes-141",1499,100,"Budget TWS earbuds with 42hrs playback",9,
"Dell XPS 15","dell-xps-15",189999,15,"15.6 inch 4K OLED, Intel i7 13th Gen, 16GB RAM, 512GB SSD, RTX 4050",10,
"MacBook Air M2","macbook-air-m2",134999,20,"13.6 inch Liquid Retina, Apple M2 chip, 8GB RAM, 256GB SSD",10,
"HP Pavilion Gaming","hp-pavilion-gaming",89999,25,"15.6 inch FHD, Ryzen 5 5600H, 8GB RAM, RTX 3050, 512GB SSD",10,
"Lenovo IdeaPad Slim 3","lenovo-ideapad-slim-3",45999,35,"15.6 inch FHD, Intel i5 12th Gen, 8GB RAM, 512GB SSD",10,
"ASUS ROG Strix G15","asus-rog-strix-g15",149999,18,"15.6 inch 165Hz, Ryzen 7 6800H, 16GB RAM, RTX 3060, 1TB SSD",10,
"Acer Aspire 5","acer-aspire-5",54999,30,"15.6 inch FHD, Intel i5 12th Gen, 8GB RAM, 512GB SSD",10,
"Logitech MX Master 3S","logitech-mx-master-3s",12999,50,"Premium wireless mouse, 8K DPI, quiet clicks",10,
"Samsung 55 inch 4K Smart TV","samsung-55-inch-4k-smart-tv",74999,20,"Crystal UHD 4K display, Tizen OS, HDR support",1,
"LG 43 inch Full HD TV","lg-43-inch-full-hd-tv",42999,25,"WebOS, Active HDR, AI ThinQ",1,
"Sony 65 inch OLED TV","sony-65-inch-oled-tv",249999,8,"4K HDR OLED, Google TV, Acoustic Surface Audio",1,
"Mi TV 5X 43 inch","mi-tv-5x-43-inch",32999,35,"4K Android TV, Dolby Vision, 30W speakers",1,
"Sony WH-1000XM5","sony-wh-1000xm5",34999,30,"Premium noise cancelling headphones, 30hrs battery",1,
"JBL Flip 6","jbl-flip-6",12999,45,"Portable Bluetooth speaker, IP67 waterproof, 12hrs playtime",1,
"Canon EOS 90D","canon-eos-90d",149999,10,"32.5MP DSLR camera, 4K video, 45-point AF system",1,
"GoPro Hero 11 Black","gopro-hero-11-black",49999,25,"5.3K video, HyperSmooth 5.0, waterproof action camera",1,
"Nike Air Max 270","nike-air-max-270",12999,50,"Men's running shoes, Max Air cushioning, breathable mesh",2,
"Adidas Ultraboost 22","adidas-ultraboost-22",16999,40,"Premium running shoes, Boost midsole, Primeknit upper",2,
"Levi's 511 Slim Fit Jeans","levis-511-slim-fit-jeans",4999,60,"Classic slim fit denim, stretch fabric, multiple washes",2,
"Zara Casual Shirt","zara-casual-shirt",2999,70,"Men's cotton casual shirt, modern fit",2,
"H&M Cotton T-Shirt Pack","hm-cotton-tshirt-pack",1999,100,"Pack of 3 basic cotton t-shirts, various colors",2,
"Puma Sports Jacket","puma-sports-jacket",5999,45,"Men's training jacket, moisture-wicking, zip pockets",2,
"Ray-Ban Aviator Sunglasses","rayban-aviator-sunglasses",8999,35,"Classic aviator style, UV protection, metal frame",2,
"Fastrack Analog Watch","fastrack-analog-watch",2499,55,"Men's casual watch, leather strap, water resistant",2,
"Fossil Leather Wallet","fossil-leather-wallet",3499,60,"Genuine leather bifold wallet, RFID blocking",2,
"Prestige Induction Cooktop","prestige-induction-cooktop",3499,40,"2000W induction cooktop, automatic whistle counter, preset menu",3,
"Philips Air Fryer","philips-air-fryer",12999,30,"Rapid Air technology, 4.1L capacity, digital display",3,
"Bajaj Majesty RX11 Toaster","bajaj-majesty-rx11-toaster",1899,50,"4-slice pop-up toaster, auto shut-off, crumb tray",3,
"Havells Mixer Grinder","havells-mixer-grinder",4999,35,"750W motor, 3 jars, overload protection",3,
"Cello Milton Casserole Set","cello-milton-casserole-set",2499,45,"Set of 3 insulated casseroles, leak-proof",3,
"Borosil Glass Bowl Set","borosil-glass-bowl-set",1499,60,"Set of 6 microwave safe bowls with lids",3,
"Pigeon Stainless Steel Pressure Cooker","pigeon-pressure-cooker",2199,55,"5L outer lid pressure cooker, induction compatible",3,
"Butterfly Wet Grinder","butterfly-wet-grinder",8999,20,"2L table top wet grinder, 150W motor",3,
"The Alchemist by Paulo Coelho","alchemist-paulo-coelho",399,80,"International bestseller, inspirational fiction",4,
"Atomic Habits by James Clear","atomic-habits-james-clear",599,70,"Self-help book on building good habits",4,
"Harry Potter Complete Collection","harry-potter-complete-collection",4999,30,"Box set of all 7 Harry Potter books",4,
"Think Like a Monk","think-like-a-monk",499,60,"By Jay Shetty, personal development guide",4,
"The Psychology of Money","psychology-of-money",449,65,"By Morgan Housel, personal finance insights",4,
"Rich Dad Poor Dad","rich-dad-poor-dad",399,75,"By Robert Kiyosaki, financial literacy classic",4,
"Ikigai","ikigai",349,70,"Japanese secret to a long and happy life",4,
"Yonex Badminton Racket","yonex-badminton-racket",3999,40,"Professional badminton racket, carbon fiber, isometric head",5,
"Nivia Storm Football","nivia-storm-football",1299,50,"Size 5 football, rubber molded, durable",5,
"Cosco Cricket Bat","cosco-cricket-bat",2499,35,"English willow, full size, good for leather ball",5,
"Strauss Yoga Mat","strauss-yoga-mat",899,60,"6mm thick, anti-slip, with carrying strap",5,
"Cockatoo Dumbbells Set","cockatoo-dumbbells-set",2999,30,"10kg adjustable dumbbells, cast iron plates",5,
"Nivia Gym Bag","nivia-gym-bag",1299,45,"Spacious duffle bag, separate shoe compartment",5,
"Fitbit Charge 5","fitbit-charge-5",14999,35,"Advanced fitness tracker, heart rate, GPS, stress management",5,
"Lakme Absolute Lipstick","lakme-absolute-lipstick",799,100,"Matte finish, long-lasting, multiple shades",6,
"Maybelline Fit Me Foundation","maybelline-fit-me-foundation",599,90,"Natural finish, SPF protection, multiple shades",6,
"Biotique Bio Kelp Shampoo","biotique-bio-kelp-shampoo",399,80,"Natural protein shampoo for falling hair",6,
"Nivea Soft Moisturizer","nivea-soft-moisturizer",299,120,"Light moisturizing cream, vitamin E, jojoba oil",6,
"Gillette Mach 3 Razor","gillette-mach-3-razor",399,70,"3-blade razor system, 1 handle + 2 cartridges",6,
"Dove Soap Bar","dove-soap-bar",199,150,"Moisturizing beauty bar, 1/4 moisturizing cream",6,
"Plum Green Tea Face Wash","plum-green-tea-face-wash",449,85,"Oil-free, alcohol-free, pore cleansing",6,
"LEGO Classic Creative Bricks","lego-classic-creative-bricks",3999,40,"790 pieces, creative building set for kids 4+",7,
"Hot Wheels 20 Car Pack","hot-wheels-20-car-pack",1999,50,"Die-cast cars, 1:64 scale, assorted designs",7,
"Barbie Dreamhouse","barbie-dreamhouse",8999,20,"3-story dollhouse with 8 rooms, furniture included",7,
"Nerf N-Strike Elite Disruptor","nerf-elite-disruptor",2499,35,"Rotating drum blaster, 6 darts, 27m range",7,
"Rubik's Cube 3x3","rubiks-cube-3x3",499,80,"Original Rubik's cube, smooth rotation",7,
"Monopoly Board Game","monopoly-board-game",1999,40,"Classic family board game, 2-8 players",7,
"Play-Doh Modeling Compound","playdoh-modeling-compound",799,60,"Pack of 10 colors, non-toxic, 2oz each",7,
"Fortune Sunflower Oil 5L","fortune-sunflower-oil-5l",999,40,"Refined sunflower oil, rich in Vitamin A & D",8,
"Tata Salt 1kg","tata-salt-1kg",25,200,"Iodized salt, vacuum evaporated",8,
"India Gate Basmati Rice 5kg","india-gate-basmati-rice-5kg",599,50,"Premium basmati rice, aged, long grain",8,
"Britannia Good Day Cookies","britannia-good-day-cookies",50,150,"Butter cookies, 150g pack",8,
"Maggi 2-Minute Noodles","maggi-2minute-noodles",12,300,"Instant noodles, masala flavor, 70g",8,
"Amul Butter 500g","amul-butter-500g",299,80,"Pure milk butter, salted",8,
"Nescafe Classic Coffee","nescafe-classic-coffee",399,70,"Instant coffee powder, 100g jar",8,
"Colgate Total Toothpaste","colgate-total-toothpaste",149,120,"Advanced whitening, 150g",8,
"Dettol Antiseptic Liquid","dettol-antiseptic-liquid",199,90,"750ml, kills 99.9% germs",8,
"Himalaya Wellness Ashwagandha","himalaya-ashwagandha",299,60,"60 tablets, stress relief, immunity booster",11,
"Neuherbs Green Coffee Beans","neuherbs-green-coffee-beans",799,50,"200g, weight management, natural antioxidants",11,
"HealthKart Multivitamin","healthkart-multivitamin",599,55,"60 tablets, daily nutrition support",11,
"Dr. Morepen Glucometer","dr-morepen-glucometer",899,35,"Blood glucose monitoring system with 25 strips",11,
"Omron Blood Pressure Monitor","omron-blood-pressure-monitor",2999,30,"Digital BP monitor, large display, irregular heartbeat detection",11,
"Dr. Trust Weighing Scale","dr-trust-weighing-scale",1299,45,"Digital body weight scale, 180kg capacity",11,
"Vicks Vaporub 50ml","vicks-vaporub-50ml",149,100,"Medicated ointment for cold relief",11,
"3M N95 Respirator Mask","3m-n95-respirator-mask",599,80,"Pack of 10, dust and pollution protection",11,
"Bosch Car Battery","bosch-car-battery",6999,20,"12V 65Ah, maintenance-free, 36 months warranty",12,
"Castrol Engine Oil 5W30","castrol-engine-oil-5w30",1999,40,"Fully synthetic, 3.5L, superior engine protection",12,
"Michelin Car Tyre","michelin-car-tyre",5999,25,"185/65 R15, tubeless, all-season performance",12,
"Wiper Blades Set","wiper-blades-set",799,50,"Universal fit, 18-20 inch, rubber blades",12,
"Philips H4 Headlight Bulb","philips-h4-headlight-bulb",499,60,"12V 60/55W, longer lifetime, better visibility",12,
"Mothers California Gold Car Wash","mothers-car-wash",699,45,"473ml, pH balanced, scratch-free cleaning",12,
"3M Car Air Freshener","3m-car-air-freshener",299,80,"Organic, lasts 60 days, new car scent",12,
"Pampers Active Baby Diapers","pampers-active-baby-diapers",1499,60,"Large size, 68 count, 12hrs absorption",13,
"Johnson's Baby Shampoo","johnsons-baby-shampoo",299,80,"No more tears formula, 500ml",13,
"Himalaya Baby Lotion","himalaya-baby-lotion",199,70,"Moisturizing lotion, 400ml, natural ingredients",13,
"Mee Mee Baby Wipes","mee-mee-baby-wipes",149,100,"80 wipes, alcohol-free, gentle on skin",13,
"Chicco Baby Bottle","chicco-baby-bottle",599,50,"250ml, anti-colic, BPA-free",13,
"LuvLap Baby Walker","luvlap-baby-walker",3999,20,"Musical walker, height adjustable, safety certified",13,
"Pigeon Nipple Puller","pigeon-nipple-puller",299,60,"Silicone, easy grip, safe for baby",13,
"Classmate Notebook Bundle","classmate-notebook-bundle",299,80,"Pack of 6 single line notebooks, 172 pages each",14,
"Reynolds Pen Set","reynolds-pen-set",99,150,"Pack of 10 blue ballpoint pens",14,
"Apsara Pencil Box","apsara-pencil-box",199,100,"12 graphite pencils, sharpener, eraser",14,
"Fevicol Glue 200g","fevicol-glue-200g",89,120,"Multi-purpose adhesive, non-toxic",14,
"HP LaserJet Printer","hp-laserjet-printer",14999,15,"Monochrome printer, USB connectivity, 1200dpi",14,
"Scotch Tape Dispenser","scotch-tape-dispenser",149,90,"With 3 rolls of tape, easy cut",14,
"Post-it Sticky Notes","postit-sticky-notes",199,110,"Pack of 3, 3x3 inch, assorted colors",14,
"Stapler with 1000 Pins","stapler-with-pins",249,85,"Heavy duty stapler, 20 sheet capacity",14,
"Drools Adult Dog Food 10kg","drools-adult-dog-food-10kg",2499,30,"Chicken and rice recipe, complete nutrition",15,
"Whiskas Cat Food 1.2kg","whiskas-cat-food-1kg",599,45,"Tuna flavor, dry food, adult cats",15,
"Pedigree Puppy Food 3kg","pedigree-puppy-food-3kg",899,40,"DHA & calcium for growth, chicken flavor",15,
"Pawzone Dog Leash","pawzone-dog-leash",399,60,"Nylon rope, 1.5m, medium dogs",15,
"Trixie Cat Litter 10L","trixie-cat-litter-10l",799,35,"Natural clay litter, odor control",15,
"Foodie Puppies Pet Bed","foodie-puppies-pet-bed",1499,25,"Soft cushion bed, washable, medium size",15,
"Choostix Dog Treats","choostix-dog-treats",199,70,"Real chicken, 450g, dental care",15,
